Gene	Barcodes	P28010_1001_S1_L001_R1_001_R	P28010_1001_S1_L001_R2_001_F	P28010_1002_S2_L001_R1_001_F	P28010_1002_S2_L001_R1_001_R	P28010_1002_S2_L001_R2_001_F	P28010_1002_S2_L001_R2_001_R	P28010_1003_S3_L001_R1_001_F	P28010_1003_S3_L001_R1_001_R	P28010_1003_S3_L001_R2_001_F	P28010_1003_S3_L001_R2_001_R	P28010_1004_S4_L001_R1_001_R	P28010_1004_S4_L001_R2_001_F	P28010_1005_S5_L001_R1_001_F	P28010_1005_S5_L001_R1_001_R	P28010_1005_S5_L001_R2_001_F	P28010_1005_S5_L001_R2_001_R	P28010_1006_S6_L001_R1_001_R	P28010_1006_S6_L001_R2_001_F	P28010_1007_S7_L001_R1_001_R	P28010_1007_S7_L001_R2_001_F	P28010_1008_S8_L001_R1_001_F	P28010_1008_S8_L001_R1_001_R	P28010_1008_S8_L001_R2_001_F	P28010_1008_S8_L001_R2_001_R	P28010_1009_S9_L001_R1_001_F	P28010_1009_S9_L001_R1_001_R	P28010_1009_S9_L001_R2_001_F	P28010_1009_S9_L001_R2_001_R	P28010_1010_S10_L001_R1_001_F	P28010_1010_S10_L001_R1_001_R	P28010_1010_S10_L001_R2_001_F	P28010_1010_S10_L001_R2_001_R	P28010_1011_S11_L001_R1_001_F	P28010_1011_S11_L001_R1_001_R	P28010_1011_S11_L001_R2_001_F	P28010_1012_S12_L001_R1_001_R	P28010_1012_S12_L001_R2_001_F	P28010_1013_S13_L001_R1_001_R	P28010_1013_S13_L001_R2_001_F	P28010_1014_S14_L001_R1_001_R	P28010_1014_S14_L001_R2_001_F	P28010_1015_S15_L001_R1_001_R	P28010_1015_S15_L001_R2_001_F	P28010_1016_S16_L001_R1_001_R	P28010_1016_S16_L001_R2_001_F	P28010_1017_S17_L001_R1_001_R	P28010_1017_S17_L001_R2_001_F	P28010_1018_S18_L001_R1_001_F	P28010_1018_S18_L001_R1_001_R	P28010_1018_S18_L001_R2_001_F	P28010_1018_S18_L001_R2_001_R	P28010_1019_S19_L001_R1_001_F	P28010_1019_S19_L001_R1_001_R	P28010_1019_S19_L001_R2_001_F	P28010_1020_S20_L001_R1_001_F	P28010_1020_S20_L001_R1_001_R	P28010_1020_S20_L001_R2_001_F	P28010_1020_S20_L001_R2_001_R	P28010_1021_S21_L001_R1_001_R	P28010_1021_S21_L001_R2_001_F	P28010_1022_S22_L001_R1_001_R	P28010_1022_S22_L001_R2_001_F	P28010_1023_S23_L001_R1_001_R	P28010_1023_S23_L001_R2_001_F	P28010_1024_S24_L001_R1_001_R	P28010_1024_S24_L001_R2_001_F	P28010_1025_S25_L001_R1_001_R	P28010_1025_S25_L001_R2_001_F	P28010_1026_S26_L001_R1_001_R	P28010_1026_S26_L001_R2_001_F	P28010_1027_S27_L001_R1_001_F	P28010_1027_S27_L001_R1_001_R	P28010_1027_S27_L001_R2_001_F	P28010_1027_S27_L001_R2_001_R	P28010_1028_S28_L001_R1_001_R	P28010_1028_S28_L001_R2_001_F
PBANKA_082040|PbGEM-026174	ATCTGATGTAG	0	0	0	0	0	0	0	0	0	0	0	0	0	0	0	0	0	0	0	0	0	0	0	0	0	0	0	0	0	0	0	0	0	28	31	0	0	0	0	0	0	0	0	0	0	0	0	0	0	0	0	0	0	0	0	0	0	0	0	0	0	0	0	0	0	0	0	0	0	0	0	12	12	0	0	0
PBANKA_051490|PbGEM-015545|PbGEM-015553	TGCCTTGTATG	0	0	0	0	0	0	0	0	0	0	0	0	0	0	0	0	0	0	0	0	0	0	0	0	0	0	0	0	0	0	0	0	0	19	19	0	0	0	0	0	0	0	0	0	0	0	0	0	0	0	0	0	0	0	0	0	0	0	0	0	0	0	0	0	0	0	0	0	0	0	0	0	0	0	0	0
PBANKA_080720|PbGEM-024427|PbGEM-236591	TGAATAGAGGT	0	0	0	0	0	0	0	0	0	0	0	0	0	0	0	0	0	0	0	0	0	0	0	0	0	0	0	0	0	0	0	0	0	0	0	0	0	0	0	0	0	0	0	0	0	0	0	0	0	0	0	0	0	0	0	0	0	0	0	0	0	0	0	0	0	0	29	28	0	0	0	0	0	0	0	0
PBANKA_020580|PbGEM-082161	GGAGAAACGGA	0	0	0	0	0	0	0	0	0	0	0	0	0	0	0	0	0	0	0	0	0	0	0	0	0	0	0	0	0	0	0	0	0	0	0	0	0	0	0	0	0	0	0	0	0	0	0	0	0	0	0	0	0	0	0	0	0	0	0	0	16	10	0	0	0	0	0	0	0	0	0	0	0	0	0	0
PBANKA_131800|PbGEM-105530	CGCCCTGTTTG	3908	4463	0	2731	2787	0	0	4143	4677	0	3650	4188	0	1742	1870	0	3956	4625	7888	8245	0	5376	6249	0	0	5662	6234	0	0	4027	4522	0	0	1244	1245	2094	2289	1534	1717	648	743	3280	3680	4094	4637	3722	4309	0	2527	2723	0	0	1020	1275	0	1895	2179	0	9966	11453	5428	5937	2965	3366	3021	3443	549	574	2203	2467	0	2527	2922	0	1581	1844
PBANKA_093370|PbGEM-111778|PbGEM-112363|PbGEM-646718	GAGTAGATCTG	9383	7534	0	5800	5193	0	0	13461	11482	0	13670	11344	1	36665	34097	0	22716	19333	9	7	0	11	6	0	0	25	21	0	0	54	36	0	0	16	9	10	12	5	4	11	10	8179	6960	10092	8101	14482	11735	0	9545	8884	0	0	26880	22780	0	12398	10083	0	30	26	12	4	16	9	25	22	7	6	21	21	0	13	12	0	31	22
PBANKA_113980|PbGEM-045681|PbGEM-045689	CATGGATGGGC	0	0	0	0	0	0	0	0	0	0	0	0	0	0	0	0	0	0	0	0	0	8	7	0	0	0	0	0	0	0	0	0	0	0	0	0	0	0	0	0	1	0	0	0	1	0	0	0	0	0	0	0	0	0	0	0	0	0	0	0	0	0	0	0	0	0	12	13	0	0	0	0	0	0	1	0
PBANKA_080800|PbGEM-112371|PbGEM-236773	AATGTCATGCA	0	0	0	1	1	0	0	0	0	0	0	0	0	0	0	0	0	0	0	0	0	0	0	0	0	0	0	0	0	0	0	0	0	0	0	0	0	0	0	0	0	0	0	2	2	0	0	0	0	0	0	0	0	0	0	0	0	0	0	0	0	0	0	0	0	0	0	0	0	0	0	0	0	0	0	0
PBANKA_101980|PbGEM-096658|PbGEM-263460|PbGEM-528098|PbGEM-528239|PbGEM-528380|PbGEM-645791	GCGTGGAGGCA	12380	9725	0	8251	7430	0	0	1448	1186	0	3051	2412	0	2154	2017	0	7601	6166	2602	2329	0	2175	1706	0	0	2535	2105	0	0	4115	3200	0	0	5458	4825	5723	4535	3109	2575	4218	3192	9853	8094	13958	10808	1397	1076	1	2304	2168	1	0	1572	1289	0	4262	3364	0	3123	2377	1994	1640	1790	1460	2686	2143	3119	2822	8103	6383	0	5726	4607	0	9274	7201
PBANKA_134380|PbGEM-107421|PbGEM-059126	ACATCAGAAAG	19683	18665	1	7626	7305	1	0	18469	17679	0	13376	12918	0	19723	19993	1	18006	17376	30021	29172	0	36763	34552	0	0	28541	27022	0	0	24734	23166	0	0	33042	31102	32744	30812	11630	11253	31632	29318	15083	14334	13022	12182	20644	19797	0	9377	9430	0	1	14806	14799	0	9971	9432	0	44187	41245	36585	34735	19397	18885	17908	17005	19302	18687	45571	43282	0	21377	20590	0	60519	57258
PBANKA_131510|PbGEM-105284|PbGEM-055230	AGCTGGAGTTT	21800	20405	0	13079	12441	0	1	52440	49591	1	61407	59066	0	326	263	0	3486	3297	101327	97011	1	117274	109375	1	1	161094	151067	1	2	164080	151883	1	0	85	74	147	150	1599	1503	153	166	17118	16160	21439	19722	54564	51371	0	46753	46167	0	0	152	117	0	2154	2020	0	152040	141077	114144	107213	112377	106868	123482	116497	81	68	128	125	0	3124	2889	0	197	161
PBANKA_041790|PbGEM-013345|PbGEM-013353	TCCGGATGTCG	1	0	0	0	0	0	0	0	0	0	0	0	0	1	0	0	1	0	0	0	0	0	0	0	0	0	0	0	0	0	0	0	0	0	0	0	0	0	0	0	0	0	0	0	0	0	0	0	0	0	0	0	0	0	0	0	0	0	0	0	0	0	0	0	0	0	0	0	0	0	0	0	0	0	0	0
PBANKA_051300|PbGEM-086037|PbGEM-086045	TCGCAGGGAGC	0	0	0	0	0	0	0	0	0	0	0	0	0	0	0	0	0	0	0	0	0	0	0	0	0	0	0	0	0	0	0	0	0	0	0	0	0	0	0	0	0	0	0	0	0	0	0	0	0	0	0	0	0	0	0	0	0	0	0	0	0	0	0	0	0	0	9	8	0	0	0	0	0	0	0	0
PBANKA_051500|PbGEM-015561|PbGEM-538107	AGGGTTCCTAT	0	0	0	0	0	0	0	0	0	0	0	0	0	0	0	0	0	0	0	0	0	9	7	0	0	0	0	0	0	0	0	0	0	0	0	0	0	0	0	0	0	0	0	0	0	0	0	0	0	0	0	0	0	0	0	0	0	0	0	0	0	0	0	0	0	0	0	0	0	0	0	0	0	0	0	0
PBANKA_082320|PbGEM-026405	ACCTGGACGGA	0	0	0	0	0	0	0	0	0	0	0	0	0	0	0	0	0	0	0	0	0	0	0	0	0	0	0	0	0	0	0	0	0	0	0	0	0	0	0	0	0	0	0	0	0	0	0	0	0	0	0	0	0	0	0	0	0	0	0	0	0	0	0	0	0	0	0	0	1	1	0	0	0	0	0	0
PBANKA_100640|PbGEM-095750	CATTGAACGAT	13855	13107	0	6661	6415	0	0	1563	1475	0	1494	1431	1	21564	21969	0	32004	30624	854	826	0	814	758	0	0	1855	1750	0	0	801	747	0	1	43890	41513	31653	29702	14051	13504	31269	28683	11375	10799	12049	11109	1599	1496	0	1004	1027	0	0	15625	15612	0	18690	17673	0	1382	1278	870	828	1318	1251	396	368	21022	20275	37832	35704	1	29242	28026	1	66954	62351
PBANKA_103780|PbGEM-097822|PbGEM-097830	ACACGACAAGC	14712	14122	0	7293	7182	0	0	7749	7547	0	5273	5214	0	16380	16942	0	19728	19159	5890	5794	0	6727	6345	0	0	4447	4315	0	0	2254	2194	0	0	25290	24258	20573	19655	10447	10203	22230	20778	11793	11331	13059	12438	8298	7993	0	3959	4091	0	0	12116	12206	0	11233	10855	0	7767	7392	5826	5669	3305	3247	1327	1310	13976	13736	27569	26451	0	21701	21066	0	43881	41764
PBANKA_145770|PbGEM-080757	GATATTCCTCT	0	1	0	0	0	0	0	0	0	0	0	0	0	0	0	0	0	0	0	0	0	0	0	0	0	0	0	0	0	0	0	0	0	0	0	0	1	0	0	0	0	0	1	0	0	0	0	0	0	0	0	0	0	0	0	0	1	0	0	0	0	1	0	0	0	0	0	0	0	0	0	0	0	0	0	0
PBANKA_082020|PbGEM-026142|PbGEM-026150	TCCTGTTTTTT	0	0	0	0	0	0	0	0	0	0	0	1	0	0	1	0	0	0	0	1	0	0	0	0	0	0	0	0	0	0	0	0	0	0	0	0	0	0	0	0	0	0	0	0	1	0	1	0	0	0	0	0	0	3	0	0	0	0	0	0	0	0	0	0	0	0	0	0	0	0	0	0	0	0	0	0
PBANKA_091600|PbGEM-093381|PbGEM-093389	AAAGCCGAGAC	13665	13562	0	8932	9166	0	0	4114	4137	0	5341	5436	0	1284	1428	0	2388	2427	622	634	0	578	543	0	0	524	526	0	0	806	819	0	0	10968	10871	3733	3700	1261	1247	5424	5131	12296	12110	12777	12398	4230	4213	0	3908	4213	0	0	1047	1112	0	1340	1322	0	821	774	435	434	341	358	459	460	4996	5103	4294	4222	0	2005	1982	0	10747	10509
PBANKA_082650|PbGEM-026807	CGACGTCATGA	0	0	0	1	0	0	0	0	0	0	0	0	0	0	0	0	0	0	0	0	0	0	0	0	0	0	0	0	0	0	0	0	0	0	0	0	0	0	0	0	0	0	0	0	0	0	0	0	0	0	0	0	0	0	0	0	0	0	0	0	0	0	0	0	0	0	0	0	0	0	0	0	0	0	0	0
PBANKA_145440|PbGEM-070062	GTACCGAACGC	0	0	0	0	0	0	0	0	0	0	0	0	0	0	0	0	0	0	0	0	0	0	0	0	0	0	0	0	0	0	0	0	0	0	0	0	0	0	0	0	0	0	0	1	1	0	0	0	0	0	0	0	0	0	0	0	0	0	0	0	0	0	0	0	0	0	0	0	0	0	0	0	0	0	0	0
PBANKA_141050|PbGEM-063795|PbGEM-063803|PbGEM-528148|PbGEM-528289|PbGEM-528430|PbGEM-645692|PbGEM-645843|PbGEM-646624	CACCTCTCATC	0	0	0	0	0	0	0	0	0	0	0	0	0	0	0	0	0	0	0	0	0	0	0	0	0	0	0	0	0	0	0	0	0	25	26	0	0	0	0	0	0	0	0	0	0	0	0	0	0	0	0	0	0	0	0	0	0	0	0	1	0	0	0	0	0	0	36	36	0	0	0	0	0	0	0	0
PBANKA_061140|PbGEM-018598	AGAACATACTG	11685	11815	0	5753	5697	0	0	503	525	0	1094	1117	0	26	26	0	155	153	142	144	0	39	45	0	0	370	362	0	0	96	102	0	0	336	317	57	52	9	9	90	85	10023	9854	9286	9288	550	549	0	827	850	0	0	17	15	0	125	113	0	241	240	113	112	133	133	101	105	159	150	4	5	0	2	5	0	414	423
PBANKA_133580|PbGEM-058012	GCAGAAATGTA	0	0	0	0	0	0	0	0	0	0	0	0	0	0	0	0	0	0	0	0	0	0	0	0	0	0	0	0	0	1	0	0	0	0	0	0	0	0	0	0	0	0	0	0	0	0	0	0	0	0	0	0	0	0	0	0	0	0	0	0	0	0	0	0	0	0	0	0	0	0	0	0	0	0	0	0
PBANKA_093290|PbGEM-032706|PbGEM-645629|PbGEM-645697	TTCGGGATACG	12862	12864	0	6798	6542	0	0	42	40	0	35	35	1	20431	20762	1	25779	25848	16	12	0	27	30	0	0	36	33	0	0	54	50	0	0	26791	25442	15402	14933	13229	12912	15944	15256	10139	10025	11244	10924	33	28	0	15	9	0	1	13996	14879	0	14370	14238	0	57	52	18	12	14	17	34	35	16396	15901	20252	19756	0	26446	25899	0	32620	32483
PBANKA_122580|PbGEM-050127	GAGATGCTCTT	0	0	0	0	0	0	0	0	0	0	0	0	0	0	1	0	0	0	0	0	0	0	0	0	0	0	0	0	0	0	0	0	0	0	0	0	0	0	0	0	0	0	0	0	0	0	0	0	0	0	0	0	0	0	0	0	0	0	0	0	0	0	0	0	0	0	0	0	0	0	0	0	0	0	0	0
PBANKA_040970|PbGEM-012186	CCGCAGCACGC	0	0	0	0	0	0	0	0	0	0	0	0	0	0	0	0	0	0	0	0	0	0	0	0	0	0	0	0	0	0	0	0	0	0	0	0	0	0	0	0	0	0	0	0	0	0	0	0	0	0	0	0	0	1	0	0	0	0	0	0	0	0	0	0	0	0	0	0	0	0	0	0	0	0	0	0
PBANKA_031590|PbGEM-010877	CCATCGTGGCC	0	0	0	0	0	0	0	0	0	0	0	0	0	0	0	0	0	0	0	0	0	22	25	0	0	0	0	0	0	0	0	0	0	0	0	0	0	0	0	0	0	0	0	0	0	0	0	0	0	0	0	0	0	0	0	0	0	0	0	0	0	0	0	0	0	0	0	0	0	0	0	0	0	0	0	0
PBANKA_082750|PbGEM-026953|PbGEM-026961|PbGEM-646711	GGTCCGGTTCG	0	0	0	0	0	0	0	0	0	0	0	0	0	0	0	0	0	0	0	0	0	0	0	0	0	1	0	0	0	0	0	0	0	0	0	0	0	0	0	0	0	0	0	0	0	0	0	0	0	0	0	0	0	0	0	0	0	0	0	0	0	0	0	0	0	0	0	0	0	0	0	0	0	0	0	0
PBANKA_091820|PbGEM-093581|PbGEM-646738	GCGTGGAGATT	0	0	0	0	0	0	0	0	0	0	0	0	0	0	0	0	0	0	0	0	0	0	0	0	0	0	0	0	0	0	0	0	0	0	0	1	0	0	0	0	0	0	0	0	1	0	0	0	0	0	0	0	0	0	0	0	0	0	0	0	0	0	0	0	0	0	0	0	0	0	0	0	0	0	0	0
PBANKA_102340|PbGEM-096918|PbGEM-645646|PbGEM-645704	CCGGGTGCCTC	13834	14761	0	8532	8284	0	0	3617	3844	0	4236	4648	0	3497	3609	0	4548	4925	1013	1011	0	1095	1167	0	0	744	775	0	0	982	1022	0	0	3606	3472	1916	2008	1893	1958	2712	2781	11370	11982	12736	13324	3673	3974	0	3669	3769	0	0	2148	2498	0	2508	2690	0	861	909	639	672	629	677	375	402	1232	1184	2839	3012	0	3298	3416	0	5962	6431
PBANKA_122980|PbGEM-103309	CAACATGCTTC	0	0	0	0	0	0	0	0	0	0	0	0	0	0	0	0	0	0	0	0	0	0	0	0	0	0	0	0	0	0	0	0	0	0	0	0	0	0	0	0	0	0	0	0	0	0	0	0	0	0	0	0	0	0	0	0	0	0	0	0	0	0	0	0	0	1	0	0	0	0	0	0	0	0	0	0
PBANKA_123790|PbGEM-103751	GTCGGCGGCAT	0	0	0	0	0	0	0	0	0	0	0	0	0	0	0	0	2	0	0	0	0	0	0	0	0	0	0	0	0	0	0	0	0	0	0	0	0	0	0	0	0	0	0	0	1	0	1	0	0	0	0	0	2	0	0	2	0	0	0	0	0	0	0	0	0	0	1	0	0	0	0	0	0	0	0	0
PBANKA_135620|PbGEM-108389	CTCTCGTTTTT	0	0	0	0	0	0	0	0	0	0	0	0	0	0	0	0	0	0	0	0	0	0	1	0	0	0	1	0	0	0	0	0	0	0	0	0	0	0	0	0	0	0	0	0	0	0	0	0	0	0	0	0	0	0	0	0	0	0	0	1	0	0	0	0	0	0	0	0	0	0	0	0	0	0	0	0
PBANKA_030980|PbGEM-083560	TTCGGGTAACG	0	0	0	0	1	0	0	0	0	0	0	0	0	0	0	0	0	0	0	0	0	0	0	0	0	0	0	0	0	0	0	0	0	0	1	0	0	0	0	0	2	0	0	0	0	0	0	0	0	0	0	0	0	0	0	0	0	0	0	0	0	0	0	0	0	0	0	0	0	0	0	0	2	0	0	2
PBANKA_142780|PbGEM-110930	GAGTACGTCTT	0	1	0	0	0	0	0	0	0	0	0	0	0	0	0	0	0	0	0	0	0	0	0	0	0	0	0	0	0	0	0	0	0	0	0	0	0	0	0	0	0	1	0	0	0	0	0	0	0	0	0	0	0	0	0	1	0	0	0	0	0	0	0	0	0	0	0	0	0	0	0	0	0	0	1	0
PBANKA_143100|PbGEM-111197	CCATGACCGTC	0	0	0	0	0	0	0	0	0	0	0	0	0	0	0	0	0	0	0	0	0	0	0	0	0	0	0	0	0	0	0	0	0	0	0	0	0	0	0	0	0	0	0	0	0	0	0	0	0	0	0	0	0	0	0	0	0	0	0	0	0	0	0	0	0	0	0	0	0	0	0	0	1	0	0	0
PBANKA_135600|PbGEM-060890|PbGEM-528128|PbGEM-528269|PbGEM-528410|PbGEM-646603|PbGEM-645822	AGACGGCGTTT	1	2	0	0	1	0	0	0	5	0	2	5	0	1	0	0	0	0	0	2	0	2	7	0	0	5	15	0	0	3	15	0	0	0	0	0	1	0	0	0	0	0	0	0	2	4	3	0	0	1	0	0	0	1	0	0	0	0	2	17	2	7	0	5	4	9	0	0	0	1	0	0	2	0	1	1
PBANKA_010950|PbGEM-081717|PbGEM-227604|PbGEM-528130|PbGEM-528412|PbGEM-645824|PbGEM-646605	CCTGGCATAAG	0	0	0	0	0	0	0	0	0	0	0	0	0	0	0	0	0	0	0	0	0	0	0	0	0	0	0	0	0	0	0	0	0	0	0	0	0	0	0	0	0	0	0	0	0	0	0	0	0	0	0	0	0	0	0	0	0	0	0	0	0	0	0	0	0	0	0	0	0	0	0	0	0	0	1	0
PBANKA_133090|PbGEM-057298	TAAACCCTATG	0	0	0	0	0	0	0	0	0	0	0	0	0	0	0	0	0	0	0	0	0	1	1	0	0	0	0	0	0	0	0	0	0	0	0	0	0	0	0	0	0	0	0	0	0	0	0	0	0	0	0	0	0	0	0	0	0	0	0	0	0	0	0	0	0	0	0	0	0	0	0	0	0	0	0	0
PBANKA_131530|PbGEM-055262|PbGEM-105309	CCTCCATATGT	0	0	0	0	0	0	0	0	0	0	0	0	0	1	1	0	0	0	0	0	0	0	0	0	0	14	15	0	0	0	0	0	0	0	0	0	0	0	0	0	0	0	0	0	0	0	0	0	0	0	0	0	0	0	0	0	0	0	0	0	0	0	0	0	0	0	0	0	0	0	0	0	0	0	0	0
PBANKA_134630|PbGEM-059519|PbGEM-107625	TTGTAGCCTCT	0	2	0	0	0	0	0	0	0	0	0	0	0	0	0	0	0	1	0	0	0	0	0	0	0	0	0	0	0	0	0	0	0	0	0	0	0	0	0	0	0	0	0	0	1	0	0	0	0	0	0	0	0	0	0	0	0	0	0	0	0	0	0	0	0	0	0	0	0	0	0	0	0	0	0	0
PBANKA_135960|PbGEM-061442|PbGEM-646722	CCCTCAAATAC	0	0	0	0	0	0	0	0	0	0	0	0	0	0	0	0	0	0	0	0	0	0	0	0	0	0	0	0	0	0	0	0	0	0	0	0	0	2	3	0	0	0	0	0	0	0	0	0	0	0	0	0	0	0	0	0	0	0	0	0	0	0	0	0	0	0	0	0	0	0	0	0	0	0	0	0
PBANKA_142920|PbGEM-111063|PbGEM-066312	TTCGCCGGAAG	0	1	0	0	0	0	0	0	0	0	0	0	0	0	0	0	0	0	0	0	0	0	0	0	0	0	0	0	0	0	0	0	0	0	0	0	0	0	0	0	0	0	0	0	0	0	0	0	0	0	0	0	0	0	0	0	0	0	0	0	0	0	0	0	0	0	0	0	0	0	0	0	0	0	0	0
PBANKA_094340|PbGEM-095192|PbGEM-538555	GCATCAAAGCG	0	0	0	0	0	0	0	0	0	0	0	0	0	0	0	0	0	0	0	0	0	0	0	0	0	0	0	0	0	0	0	0	0	0	0	0	0	0	0	1	0	0	1	0	0	0	0	0	0	0	0	0	0	0	0	1	1	0	0	3	0	0	0	0	1	0	0	0	0	0	0	0	0	0	0	0
PBANKA_071220|PbGEM-235245	CTCTTAATAGG	15275	14769	0	11560	11172	0	0	3250	3141	0	7344	7183	0	10795	10978	0	7575	7415	1298	1287	0	1376	1315	0	0	8637	8258	0	0	11289	10793	0	0	16771	15837	10587	10059	4567	4437	8847	8259	12329	11933	19878	18715	3437	3312	0	5226	5208	0	0	7640	7921	1	4351	4247	1	1415	1371	843	821	6149	6071	9459	9095	8359	8051	12725	12174	0	8574	8240	0	16238	15775
PBANKA_072090|PbGEM-237100|PbGEM-089977	TCATAGGTGTT	0	0	0	0	0	0	0	0	0	0	0	0	0	0	0	0	0	0	0	0	0	0	0	0	0	0	0	0	0	0	0	0	0	32	28	0	0	0	0	1	1	0	0	0	0	0	0	0	0	0	0	0	0	0	0	0	0	0	0	0	0	0	0	0	0	0	12	10	0	0	0	0	0	0	0	0
PBANKA_134250|PbGEM-253484|PbGEM-058956	TTATCGCCTCC	14972	15560	0	9410	9692	0	0	2663	2788	0	1324	1439	0	8	10	0	8	11	2828	2921	0	3601	3747	0	0	2663	2756	0	0	496	512	0	0	6	10	2	9	61	64	4	7	11847	12021	15012	15422	2582	2669	0	1075	1146	0	0	2	6	0	5	11	0	3854	3971	4072	4140	1648	1699	752	774	3	11	7	9	0	174	173	0	9	21
PBANKA_080430|PbGEM-235933	CCCAGGTGTGG	0	0	0	0	0	0	0	0	0	0	0	0	0	1	0	0	0	0	0	0	0	0	0	0	0	0	0	0	0	0	0	0	0	0	0	0	0	0	0	0	0	0	0	0	0	0	0	0	0	0	0	0	0	0	0	0	0	0	0	0	0	0	0	0	0	0	0	0	0	0	0	0	0	0	0	0
PBANKA_050650|PbGEM-230925	CTTCAAGCCGT	0	0	0	0	0	0	0	0	0	0	0	0	0	0	0	0	0	0	0	0	0	0	0	0	0	0	0	0	0	0	0	0	0	0	0	0	0	0	0	0	0	0	0	0	0	0	0	0	0	0	0	0	0	0	0	0	1	0	0	0	0	0	0	0	0	0	0	0	0	0	0	0	0	0	0	0
PBANKA_132870|PbGEM-248453	TCCGGGATAAG	3	1	0	1	1	0	0	1	0	0	0	0	0	2	6	0	0	3	0	0	0	0	0	0	0	0	0	0	0	0	0	0	0	0	3	2	4	2	0	5	0	1	1	1	0	0	0	0	0	0	0	0	2	3	0	1	0	0	0	0	0	0	0	0	0	0	2	1	3	3	0	2	3	0	4	2
PBANKA_113720|PbGEM-246799	GTATCAGAAAT	0	0	0	0	0	0	0	1	0	0	0	0	0	0	0	0	0	0	0	0	0	1	0	0	0	0	0	0	0	1	0	0	0	0	0	1	0	1	0	0	0	1	0	0	0	0	0	0	1	0	0	0	0	0	0	0	0	0	0	0	1	0	1	0	0	0	0	0	0	1	0	0	1	0	2	0
PBANKA_122350|PbGEM-250890	ACGTGGGCCTT	0	0	0	0	0	0	0	0	3	0	0	1	0	0	0	0	0	0	0	0	0	0	0	0	0	0	0	0	0	0	1	0	0	0	0	0	0	0	0	0	0	0	0	0	0	0	0	0	0	0	0	0	0	0	0	0	0	0	0	0	0	0	0	0	0	0	0	0	0	0	0	0	0	0	0	0
PBANKA_140580|PbGEM-252667	GCATCAGTCCT	0	0	0	0	0	0	0	0	0	0	0	0	0	0	0	0	0	1	0	0	0	0	0	0	0	0	0	0	0	0	0	0	0	0	0	0	0	0	0	0	0	0	0	0	0	0	0	0	0	0	0	0	0	0	0	0	0	0	0	0	0	0	0	0	0	0	0	0	0	0	0	0	0	0	0	0
PBANKA_091660|PbGEM-239300	CCGGCTTCCTC	1	0	0	0	2	0	0	0	0	0	0	0	0	0	0	0	0	0	0	0	0	0	0	0	0	0	0	0	0	0	0	0	0	0	0	0	0	0	0	0	0	0	3	0	1	0	0	0	0	0	0	0	0	0	0	0	0	0	0	0	1	0	0	0	0	0	0	0	0	0	0	0	0	0	0	0
PBANKA_135720|PbGEM-253069	CACGGCAAGAC	0	1	0	0	1	0	0	1	0	0	0	0	0	0	0	0	0	0	0	0	0	0	0	0	0	0	0	0	0	0	0	0	0	0	0	0	0	0	0	0	0	0	0	0	0	0	0	0	0	0	0	0	0	0	0	0	0	0	0	0	0	0	0	0	0	0	0	0	0	0	0	0	0	0	0	0
PBANKA_051535|PbGEM-232086|PbGEM-086191	CGAAACTACTA	0	0	0	0	0	0	0	0	0	0	0	0	0	0	0	0	0	0	0	0	0	0	0	0	0	0	0	0	0	0	0	0	0	0	0	60	62	0	0	0	0	0	0	0	0	0	0	0	0	0	0	0	0	0	0	0	0	0	0	0	0	0	0	0	0	0	0	0	0	0	0	0	0	0	0	0
PBANKA_083170|PbGEM-260028	CTCGACATCTA	0	0	0	0	0	0	0	0	0	0	0	0	0	0	0	0	0	0	0	0	0	0	0	0	0	0	0	0	0	0	0	0	0	0	0	0	0	0	0	0	0	0	0	0	0	0	0	0	0	0	0	0	0	0	0	0	0	0	0	0	0	0	0	0	0	0	0	0	0	1	0	0	0	0	0	0
PBANKA_030360|PbGEM-228013	AGAACATTTTG	2	0	0	0	0	0	0	0	0	0	0	0	0	0	0	0	0	0	0	0	0	0	0	0	0	0	0	0	0	0	0	0	0	0	0	0	0	0	0	0	0	0	0	3	1	0	0	0	0	0	0	0	0	0	0	0	0	0	0	0	0	0	0	0	1	0	0	0	0	0	0	0	0	0	0	0
PBANKA_112780|PbGEM-248353	CTTTAGCGCAT	0	0	0	0	0	0	0	0	0	0	0	0	0	0	0	0	0	0	0	0	0	7	8	0	0	0	0	0	0	0	0	0	0	0	0	0	0	0	0	0	0	0	0	0	0	0	0	0	0	0	0	0	0	0	0	0	0	0	0	0	0	0	0	0	0	0	0	0	0	0	0	0	0	0	0	0
PBANKA_101010|PbGEM-262740	GTGAAGCCCTG	1	0	0	0	0	0	0	0	0	0	0	0	0	0	0	0	0	0	0	0	0	0	0	0	0	0	0	0	0	0	0	0	0	2	0	0	0	0	0	0	0	1	0	0	0	0	0	0	2	0	0	0	1	0	0	1	0	0	1	0	0	0	0	0	0	0	0	0	0	0	0	0	0	0	0	0
PBANKA_051980|PbGEM-265292|PbGEM-086540|PbGEM-645625|PbGEM-645713	GTATCACCAGG	0	0	0	0	0	0	0	0	0	0	0	0	0	0	0	0	0	0	0	0	0	0	0	0	0	1	0	0	0	0	0	0	0	0	0	0	0	0	0	0	0	0	0	0	0	0	0	0	0	0	0	0	0	0	0	0	0	0	0	0	0	0	0	0	0	0	0	0	0	0	0	0	0	0	0	0
PBANKA_081610|PbGEM-238477	TCACAAGAAAG	0	0	0	0	0	0	0	0	0	0	0	0	0	0	0	0	0	0	0	0	0	0	0	0	0	0	0	0	0	0	0	0	0	0	0	0	1	0	0	0	0	0	0	0	0	0	0	0	0	0	0	0	0	0	0	0	0	0	0	0	0	0	0	0	1	0	0	0	0	0	0	0	0	0	0	0
PBANKA_010920|PbGEM-265388	ATCACCGGCGT	0	1	0	0	0	0	0	0	0	0	0	1	0	0	0	0	0	0	0	0	0	0	0	0	0	0	0	0	0	0	0	0	0	0	0	0	0	0	0	0	0	0	0	0	1	0	0	0	0	0	0	0	0	0	0	0	0	0	0	0	0	0	0	0	0	0	0	0	0	0	0	0	1	0	0	2
PBANKA_134650|PbGEM-264324	GTTATGCCTCT	14109	12428	0	7359	6886	0	0	3486	3173	0	3516	3162	1	18800	18379	1	28976	26158	4562	4280	0	6020	5282	0	0	6479	5675	0	0	7505	6520	0	0	24313	22406	17198	15113	12207	10978	18110	15383	11537	10460	11935	10231	3436	2969	0	2564	2514	0	0	12942	12018	0	17091	15035	0	6435	5556	5254	4670	3619	3297	4537	4052	11717	10879	25478	22243	0	19141	17280	0	40391	35320
PBANKA_051630|PbGEM-232246	TGCGATTGGAA	0	0	0	0	0	0	0	0	0	0	0	0	0	0	0	0	0	0	0	0	0	0	0	0	0	0	0	0	0	0	0	0	0	0	0	0	0	0	0	0	0	0	0	1	1	0	0	0	0	0	0	0	0	0	0	0	0	0	0	0	0	0	0	0	0	0	0	0	0	0	0	0	0	0	0	0
PBANKA_030820|PbGEM-270259|PbGEM-270251|PbGEM-646928	GTTAGCATGCA	10380	8217	0	7571	6903	0	0	6553	5468	0	6925	5665	0	6448	6120	0	10199	8451	5765	5260	0	5780	4647	0	0	2514	2098	0	0	4099	3311	0	0	4848	4399	4762	3835	3616	3049	3182	2490	8214	6861	12985	10133	6861	5457	0	5364	5088	0	0	4819	4034	0	5845	4652	0	9323	7302	6212	5178	1816	1514	2257	1783	2862	2620	6600	5331	0	7715	6269	0	6085	4874
PBANKA_145030|PbGEM-324795	TCTGTCTGTGC	8110	8765	1	6614	6592	1	0	641	663	0	824	893	1	2091	2204	0	1738	1845	465	471	0	484	510	0	0	715	741	0	0	638	693	0	0	2038	1973	2729	2855	628	661	1903	1996	7423	7679	9945	10405	576	632	0	704	732	0	0	1232	1418	0	1165	1267	0	316	336	377	389	603	637	241	284	1236	1240	4338	4585	0	1339	1466	0	3801	4080
PBANKA_110730|PbGEM-246119	ACATTCCGTGA	0	1	0	0	0	0	0	0	0	0	0	0	0	0	0	0	0	0	0	0	0	0	0	0	0	0	0	0	0	0	0	0	0	0	0	0	0	0	0	0	0	0	0	0	0	0	0	0	0	0	0	0	0	0	0	0	0	0	0	0	0	0	0	0	0	0	0	0	0	0	0	0	0	0	0	0
PBANKA_130970|PbGEM-311255|PbGEM-311247	AGCAAAGCCAC	0	0	0	0	0	0	0	0	0	0	0	0	0	0	0	0	0	0	39	40	0	0	0	0	0	0	0	0	0	0	0	0	0	0	0	0	0	0	0	0	0	0	0	0	0	0	0	0	0	0	0	0	0	0	0	0	0	0	0	0	0	0	0	0	0	0	0	0	0	0	0	0	0	0	0	0
PBANKA_031270|PbGEM-229846	GCCAGATGTAT	9800	9552	0	5882	5619	0	0	3702	3601	0	2589	2549	1	26287	26604	1	19850	19615	1	1	0	14	13	0	0	12	14	0	0	15	19	0	0	9	9	14	11	6	3	10	10	8150	7877	9041	8640	3662	3587	0	2100	2105	0	0	17758	18439	0	11387	11025	0	13	21	9	14	9	7	9	4	6	6	8	14	0	3	10	0	81	78
PBANKA_010110|PbGEM-266100|PbGEM-266092	CAGCGTGATGT	0	0	0	0	0	0	0	0	0	0	0	0	0	0	0	0	0	0	0	0	0	21	25	0	0	33	32	0	0	0	0	0	0	0	0	0	0	0	0	0	0	0	0	0	0	0	0	0	0	0	0	0	0	0	0	0	0	0	1	1	2	3	0	0	0	0	0	0	0	0	0	0	0	0	0	0
PBANKA_093100|PbGEM-290848|PbGEM-290856	CTCCACAGGTC	0	0	0	0	0	0	0	0	0	0	0	0	0	0	0	0	0	0	0	0	0	0	0	0	0	0	0	0	0	0	0	0	0	0	0	0	0	1	1	0	0	0	0	0	0	0	0	0	0	0	0	0	0	0	0	0	0	0	0	0	0	0	0	0	0	0	0	0	0	0	0	0	0	0	0	0
PBANKA_143590|PbGEM-322939	AATCGAACAAC	0	1	0	0	0	0	0	0	0	0	0	0	0	0	0	0	0	0	0	0	0	0	0	0	0	0	0	0	0	0	0	0	0	0	0	0	0	0	0	0	0	0	0	0	0	0	0	0	0	0	0	0	0	0	0	0	0	0	0	0	0	0	0	0	0	0	0	0	0	0	0	0	0	0	0	1
PBANKA_011160|PbGEM-267395	ACCTTCGGTTT	0	0	0	0	0	0	0	0	0	0	0	0	0	0	0	0	0	0	0	0	0	0	0	0	0	0	0	0	0	0	0	0	0	0	0	0	0	0	0	0	0	0	0	0	0	0	0	0	0	0	0	0	0	0	0	0	0	0	0	0	0	0	0	0	0	1	0	0	0	1	0	0	0	0	0	0
PBANKA_135820|PbGEM-317435	GCTTCTCTTTA	0	0	0	0	0	0	0	0	0	0	0	0	0	0	0	0	0	0	0	0	0	0	0	0	0	0	0	0	0	0	0	0	0	0	0	0	0	0	0	0	0	0	0	0	0	0	0	0	0	0	0	0	0	0	0	0	0	0	0	0	0	0	0	0	0	0	0	0	0	0	0	0	0	0	1	1
PBANKA_113280|PbGEM-335707	GCCTATCCTAT	0	0	0	0	0	0	0	0	0	0	0	0	0	0	0	0	0	0	0	0	0	13	15	0	0	0	0	0	0	0	0	0	0	0	0	0	0	1	1	0	0	0	0	0	0	0	0	0	0	0	0	0	0	0	0	0	0	0	23	26	0	0	0	0	0	0	0	0	0	0	0	0	0	0	0	0
PBANKA_050720|PbGEM-274330|PbGEM-274322	ACAAGACGAAG	0	0	0	0	0	0	0	0	0	0	0	0	0	0	0	0	0	0	0	0	0	0	0	0	0	0	0	0	0	0	0	0	0	0	0	0	0	0	0	0	0	0	0	0	0	0	0	0	0	0	0	0	0	0	0	0	0	0	0	0	8	7	0	0	0	0	0	0	0	0	0	0	0	0	0	0
PBANKA_112010|PbGEM-335251	AACGCCAAACC	0	0	0	0	0	0	0	0	0	0	0	0	0	0	0	0	0	0	0	0	0	0	0	0	0	0	0	0	0	0	0	0	0	0	0	0	0	0	0	0	0	0	0	0	1	0	0	0	0	0	0	0	0	0	0	0	0	0	0	1	0	0	0	0	0	0	0	0	0	0	0	0	0	0	0	0
PBANKA_091510|PbGEM-332595|PbGEM-646816	CCAGCCGGCAT	0	0	0	0	0	0	0	0	0	0	0	0	0	0	0	0	0	1	0	0	0	0	0	0	0	0	0	0	0	0	0	0	0	0	0	0	0	0	0	0	1	0	0	0	0	0	0	0	0	0	0	0	0	0	0	0	0	0	0	0	0	0	0	0	0	0	0	0	0	1	0	0	0	0	0	0
PBANKA_121060|PbGEM-304938	AGATCTTGTCG	0	0	0	0	0	0	0	0	0	0	0	0	0	0	0	0	0	0	0	0	0	0	0	0	0	0	0	0	0	0	0	0	0	0	0	34	33	0	0	0	0	0	0	0	0	0	0	0	0	0	0	0	0	0	0	0	0	0	0	0	0	1	0	0	0	0	0	0	0	0	0	0	0	0	0	0
PBANKA_102060|PbGEM-263524|PbGEM-096751	CTAGGGGTGAC	0	0	0	0	0	0	0	0	0	0	0	0	0	0	0	0	0	0	0	0	0	0	0	0	0	0	0	0	0	0	0	0	0	0	0	0	0	0	0	0	0	0	0	0	1	0	0	0	0	0	0	0	0	0	0	0	0	0	0	0	0	0	0	0	0	0	0	0	0	0	0	0	0	0	0	0
PBANKA_041470|PbGEM-230718	GCTGACATGAG	12593	10873	0	8318	7767	0	0	206	189	0	779	694	0	10	9	0	29	27	27	24	0	503	423	0	0	189	169	0	0	594	503	0	0	1	2	5	9	4	3	2	4	9845	8786	14539	12301	241	207	0	620	595	0	0	15	11	0	12	12	0	47	35	598	524	143	127	337	290	3	3	6	3	0	1	1	0	8	8
PBANKA_135330|PbGEM-251495	AATGTGCGTCC	0	0	0	0	0	0	0	0	0	0	0	0	0	0	0	0	0	0	0	0	0	0	0	0	0	0	0	0	0	0	0	0	0	0	0	0	0	0	0	0	0	0	0	0	0	0	0	0	1	0	0	0	0	0	0	0	0	0	0	0	0	0	0	0	0	0	0	0	0	0	0	0	0	0	0	0
PBANKA_030580|PbGEM-269987	ATAGGAGTAAG	0	0	0	0	0	0	0	0	0	0	0	0	0	0	0	0	0	0	0	0	0	0	0	0	0	0	0	0	0	0	0	0	0	0	0	0	0	0	0	0	0	0	0	0	0	0	0	0	0	1	0	0	0	0	0	0	0	0	0	0	0	0	0	0	0	0	0	0	0	0	0	0	0	0	1	0
PBANKA_050100|PbGEM-329227	TTTCAAAATGC	0	0	0	0	0	0	0	0	0	0	0	0	0	0	0	0	0	1	0	0	0	0	0	0	0	0	0	0	0	0	0	0	0	0	0	92	79	0	0	0	0	0	0	0	0	0	0	0	0	0	0	0	0	0	0	0	0	0	0	0	0	0	0	0	0	0	0	0	0	0	0	0	0	0	0	0
PBANKA_080510|PbGEM-331355	GAACAGGTCGG	0	0	0	0	0	0	0	0	0	0	0	0	0	0	0	0	0	1	0	0	0	0	0	0	0	0	0	0	0	0	0	0	0	0	0	0	0	0	0	0	0	0	0	0	0	0	1	0	0	0	0	0	1	1	0	0	0	0	0	0	0	0	0	0	0	0	0	0	0	0	0	0	0	0	0	0
PBANKA_140780|PbGEM-319523	TCTCGGTTATG	0	3	0	0	2	0	0	0	1	0	0	1	0	0	1	0	0	4	0	2	0	0	0	0	0	0	3	0	0	0	2	0	0	0	3	0	9	0	4	0	10	0	3	0	3	0	5	0	0	1	0	0	0	9	0	0	5	0	0	8	0	1	0	2	0	3	0	1	0	4	0	0	10	0	0	16
PBANKA_081090|PbGEM-283970|PbGEM-283962	CGACCACCATA	0	0	0	0	0	0	0	0	0	0	0	0	0	0	0	0	0	0	0	0	0	0	0	0	0	0	0	0	0	0	0	0	0	0	0	0	0	0	0	0	0	0	0	0	0	0	0	0	0	0	0	0	0	0	0	0	0	0	0	0	0	0	0	0	0	0	0	0	0	1	0	0	0	0	0	0
PBANKA_110150|PbGEM-334667|PbGEM-297877	GTACCAGTCGA	16146	12988	0	8427	7647	0	0	11539	9690	0	13512	11088	0	16865	15871	0	14032	11660	15	9	0	9	6	0	0	18	8	0	0	36	29	0	0	15	13	8	7	4	2	11	9	12653	10572	14741	11583	12066	9628	0	10096	9614	0	0	12343	10297	0	8057	6439	0	21	18	12	12	12	10	14	12	4	6	16	14	0	13	9	0	14	10
PBANKA_082300|PbGEM-331755	ACAAACGGAAA	0	0	0	0	0	0	0	0	0	0	0	0	0	0	0	0	0	0	0	0	0	0	0	0	0	0	0	0	0	0	0	0	0	0	0	0	0	0	0	0	0	0	0	1	0	0	0	0	0	0	0	0	0	0	0	0	0	0	0	0	0	0	0	0	0	0	0	0	0	0	0	0	0	0	0	0
PBANKA_080700|PbGEM-342100	CTACGAGCGAA	0	0	0	0	0	0	0	0	0	0	0	0	0	0	0	0	0	0	0	0	0	0	0	0	0	0	0	0	0	0	0	0	0	0	0	0	0	0	0	0	0	0	0	0	0	0	0	0	0	0	0	0	0	1	0	0	0	0	0	0	0	0	0	0	0	0	0	0	0	0	0	0	0	0	0	0
PBANKA_021130|PbGEM-341732	ATGTACGTCTG	0	0	0	0	0	0	0	0	0	0	0	0	0	0	0	0	0	0	0	0	0	0	0	0	0	0	0	0	0	0	0	0	0	0	0	0	0	0	0	0	0	0	1	0	0	0	0	0	0	0	0	0	0	0	0	0	0	0	0	0	0	0	0	0	0	0	0	0	0	0	0	0	0	0	0	0
PBANKA_131070|PbGEM-342996	GTAGCTAGGAA	0	0	0	0	0	0	0	0	0	0	0	0	0	0	0	0	0	0	0	0	0	0	0	0	0	0	0	0	0	1	1	0	0	0	0	0	0	0	0	0	0	0	0	0	0	0	0	0	0	0	0	0	0	0	0	0	0	0	0	0	8	7	0	0	0	0	0	0	0	0	0	0	0	0	0	0
PBANKA_121420|PbGEM-342820	CCGGTATTAGC	0	0	0	0	0	0	0	0	0	0	0	0	0	0	1	0	0	0	0	0	0	0	0	0	0	0	0	0	0	0	0	0	0	0	0	0	0	0	0	0	0	0	0	0	0	0	0	0	0	0	0	0	0	0	0	0	0	0	0	0	0	0	0	0	0	0	0	0	0	0	0	0	0	0	0	0
PBANKA_141470|PbGEM-343260	GCTGCCACAAA	0	0	0	0	0	0	0	0	0	0	0	0	0	0	0	0	0	0	0	0	0	0	0	0	0	0	0	0	0	0	0	0	0	0	0	0	0	0	0	1	1	0	0	0	0	0	0	0	0	0	0	0	0	0	0	0	0	0	0	0	0	0	0	0	0	0	0	0	0	0	0	0	0	0	0	0
PBANKA_134720|PbGEM-343156	GTAATGGCAAG	0	0	0	0	0	0	0	0	0	0	0	0	0	0	0	0	0	0	0	0	0	0	0	0	0	0	0	0	0	0	0	0	0	0	0	0	0	0	0	0	0	0	0	1	0	0	0	0	0	0	0	0	0	0	0	0	0	0	0	0	0	0	0	0	0	0	0	0	0	0	0	0	0	0	0	0
PBANKA_093090|PbGEM-342316	ACATCGAGCTT	0	0	0	0	0	0	0	0	0	0	0	0	0	0	0	0	0	0	0	0	0	0	0	0	0	0	0	0	0	0	0	0	0	0	0	0	0	0	0	0	0	0	0	0	0	0	0	0	0	0	0	0	0	0	0	0	0	0	0	0	0	1	0	0	0	0	0	0	0	0	0	0	0	0	0	0
PBANKA_110100|PbGEM-297821	GAATTAACAAA	0	0	0	0	0	0	0	0	0	0	0	0	0	0	0	0	0	0	0	0	0	0	0	0	0	0	0	0	0	0	0	0	0	0	0	0	0	0	0	5	5	0	0	0	0	0	0	0	0	0	0	0	0	0	0	0	0	0	0	0	0	0	0	0	0	0	0	0	0	0	0	0	0	0	0	0
PBANKA_011040|PbGEM-267235	ATAGCGGCCCC	0	0	0	0	0	0	0	0	0	0	0	0	0	0	0	0	0	0	0	0	0	0	0	0	0	0	0	0	0	0	0	0	0	0	0	0	0	0	0	0	0	0	0	0	2	0	0	0	0	0	0	0	0	0	0	0	0	0	0	0	0	0	0	0	0	0	0	0	0	0	0	0	0	0	0	0
PBANKA_093260|PbGEM-239492|PbGEM-647483	GAACCTGGACA	0	0	0	0	0	0	0	0	0	0	0	0	0	0	0	0	0	0	0	0	0	0	0	0	0	0	0	0	0	0	0	0	0	0	0	0	0	0	0	0	0	0	0	0	0	0	0	0	0	0	0	0	0	0	0	0	0	0	0	0	13	10	0	0	0	0	0	0	0	0	0	0	0	0	0	0
PBANKA_132400|PbGEM-313181	GTTGGGGCCCT	0	0	0	0	0	0	0	0	0	0	0	0	0	0	0	0	0	0	0	0	0	0	0	0	0	0	0	0	0	0	0	0	0	0	0	0	0	0	0	0	0	0	0	0	0	0	0	0	0	0	0	0	0	0	0	0	0	0	1	0	0	0	0	0	0	0	0	0	0	0	0	0	0	0	0	0
PBANKA_092450|PbGEM-289905	GTCAGGACCTT	0	0	0	0	0	0	0	0	0	0	0	0	0	0	0	0	0	0	0	0	0	0	0	0	0	0	0	0	0	0	0	0	0	0	0	0	0	0	0	0	0	0	0	0	0	1	0	0	0	0	0	0	0	0	0	0	0	0	0	0	0	0	0	0	0	0	0	0	0	0	0	0	0	0	0	0
PBANKA_124000|PbGEM-337195	GAATGGATGTA	0	0	0	0	0	0	0	0	0	0	0	0	0	0	0	0	0	0	0	0	0	0	0	0	0	0	0	0	0	0	0	0	0	0	0	0	0	0	0	0	0	0	0	0	0	0	0	0	0	0	0	0	0	1	0	0	0	0	0	0	0	0	0	0	0	0	0	0	0	0	0	0	0	0	0	0
PBANKA_130200|PbGEM-337411	CAAGCTGATTG	0	0	0	0	0	0	0	0	0	0	0	0	0	0	0	0	0	0	0	0	0	0	0	0	0	0	0	0	0	0	0	0	0	0	0	0	0	0	0	0	0	0	0	0	0	0	0	0	0	0	0	0	0	0	0	0	0	0	0	1	0	0	0	0	0	0	0	0	0	0	0	0	0	0	0	0
PBANKA_050520|PbGEM-329355	GTAACATGCCA	1	0	0	0	0	0	0	0	0	0	0	0	0	0	0	0	0	0	0	0	0	0	0	0	0	0	0	0	0	0	0	0	0	0	0	0	0	0	0	0	0	0	0	0	0	0	0	0	0	0	0	0	1	0	0	0	0	0	0	0	0	0	0	0	0	0	0	0	0	0	0	0	0	0	0	0
PBANKA_090460|PbGEM-287482	CCTTGAGTGAC	0	0	0	0	0	0	0	0	0	0	0	0	0	0	0	0	0	0	0	0	0	0	0	0	0	0	0	0	0	0	0	0	0	0	0	0	0	0	0	0	0	0	0	0	0	0	0	0	0	0	0	0	0	0	0	0	0	0	0	0	0	0	0	0	0	0	0	0	0	1	0	0	0	0	0	0
PBANKA_080550|PbGEM-283466	TGCATCGGCTG	0	0	0	0	0	0	0	0	0	0	0	0	0	0	0	0	0	0	0	0	0	0	0	0	0	0	0	0	0	0	0	0	0	0	0	60	58	0	0	0	0	0	0	0	0	0	0	0	0	0	0	0	0	0	0	0	0	0	0	0	0	0	0	0	0	0	0	0	0	0	0	0	0	0	0	0
PBANKA_061350|PbGEM-278370	GGCTGCTGTGC	0	0	0	0	0	0	0	0	0	0	0	0	0	0	0	0	0	0	0	0	0	0	0	0	0	0	0	0	0	1	0	0	0	0	0	0	0	0	0	0	0	0	0	0	0	0	0	0	0	0	0	0	0	0	0	0	0	0	0	0	0	0	0	0	0	0	0	0	0	0	0	0	0	0	0	0
PBANKA_100440|PbGEM-293128	ATTATATCTCG	0	0	0	0	0	0	0	0	0	0	0	0	0	0	0	0	0	0	0	0	0	0	0	0	0	0	0	0	0	0	0	0	0	0	0	0	1	0	0	0	0	0	0	0	0	0	0	0	0	0	0	0	0	0	0	0	0	0	0	0	0	0	0	0	0	0	0	0	0	0	0	0	0	0	0	0
PBANKA_141590|PbGEM-320435	GCTGGAGATGC	0	0	0	0	0	0	0	0	0	0	0	0	0	0	0	0	0	0	0	0	0	0	0	0	0	0	0	0	0	0	0	0	0	0	0	0	0	0	0	0	0	0	0	1	0	0	0	0	0	0	0	0	0	0	0	0	0	0	0	0	0	0	0	0	0	0	0	0	0	0	0	0	0	0	0	0
PBANKA_041150|PbGEM-272434	CTCGAGGTCCT	0	0	0	0	0	0	0	0	0	0	0	0	0	0	0	0	0	0	0	0	0	0	0	0	0	0	0	0	0	0	0	0	0	0	0	0	0	0	0	0	0	0	0	0	1	0	0	0	0	0	0	0	0	0	0	0	0	0	0	0	0	0	0	0	0	0	0	0	0	0	0	0	0	0	0	0
PBANKA_091250|PbGEM-288538	AGGTCCTTGTT	0	0	0	0	0	0	0	0	0	0	0	0	0	0	0	0	0	0	0	0	0	0	0	0	0	0	0	0	0	0	0	0	0	0	0	0	0	0	0	0	0	0	0	0	0	0	0	0	0	0	0	0	0	0	0	0	0	0	0	0	0	0	0	0	0	0	12	12	0	0	0	0	0	0	0	0
PBANKA_061530|PbGEM-330259	GTTCTTATTTT	0	0	0	0	0	0	0	0	0	0	0	0	0	0	0	0	0	0	0	0	0	0	0	0	0	0	0	0	0	0	0	0	0	0	0	0	0	0	0	0	0	0	0	0	1	0	0	0	0	0	0	0	0	0	0	0	0	0	0	0	0	0	0	0	0	0	0	0	0	0	0	0	0	0	0	0
PBANKA_131440|PbGEM-337755	GTCATGATCCG	0	0	0	0	0	0	0	0	0	0	0	0	0	0	0	0	1	0	0	0	0	0	0	0	0	0	0	0	0	0	0	0	0	0	0	0	0	0	0	0	0	0	0	0	0	0	0	0	0	0	0	0	0	0	0	0	0	0	0	0	0	0	0	0	0	0	0	0	0	0	0	0	0	0	0	0
PBANKA_132040|PbGEM-337955	AAGGAGAGCTT	0	1	0	0	0	0	0	0	1	0	0	0	0	0	1	0	0	0	0	0	0	0	0	0	0	0	0	0	0	0	0	0	0	0	0	0	0	0	0	0	0	0	0	0	1	0	0	0	0	1	0	0	0	0	0	0	0	0	0	0	0	0	0	0	0	0	0	0	0	0	0	0	0	0	0	0
PBANKA_052200|PbGEM-276450	CTATCTTATCC	0	0	0	0	0	0	0	0	0	0	0	0	0	0	0	0	0	0	0	0	0	0	0	0	0	0	0	0	0	0	0	0	0	0	0	0	0	0	0	0	0	0	0	0	0	0	0	0	0	0	0	0	0	0	0	0	0	0	0	0	0	0	0	0	0	0	0	0	0	0	0	0	1	0	0	0
PBANKA_102480|PbGEM-295742	ACAAGGCATGT	0	0	0	0	0	0	0	0	0	0	0	0	0	2	0	0	0	0	0	0	0	0	1	0	0	0	0	0	0	0	0	0	0	0	0	1	1	0	0	0	1	0	1	0	0	0	0	0	0	0	0	0	0	0	0	0	0	0	0	1	0	0	0	0	0	0	0	0	0	0	0	0	0	0	2	0
PBANKA_143500|PbGEM-322779	TAGCAATTTGC	0	0	0	0	0	0	0	0	0	0	0	0	0	0	0	0	0	0	0	0	0	20	17	0	0	0	0	0	0	0	0	0	0	0	0	0	0	0	0	0	0	0	0	0	0	0	0	0	0	0	0	0	0	0	0	0	0	0	0	0	0	0	0	0	0	1	0	0	0	0	0	0	0	0	0	0
PBANKA_103460|PbGEM-334467	ACAGACGAATT	0	0	0	2	0	0	0	0	0	0	0	0	0	0	0	0	0	0	0	0	0	0	0	0	0	0	0	0	0	0	0	0	0	1	0	0	0	0	1	3	0	0	0	1	0	0	0	0	0	1	0	0	1	0	0	0	0	0	0	0	0	1	0	0	0	0	0	0	2	0	0	0	1	0	1	0
PBANKA_093750|PbGEM-333131	CTTAGCCGTTG	0	0	0	0	0	0	0	0	0	0	0	0	0	0	0	0	0	0	0	0	0	0	0	0	0	0	0	0	0	0	0	0	0	0	0	0	0	0	0	0	0	0	0	0	0	0	0	0	0	0	0	0	0	0	0	1	1	0	0	0	5	5	0	0	0	0	0	0	0	0	0	0	0	0	0	0
PBANKA_144360|PbGEM-340499	GTCTACATGGG	0	1	0	0	0	0	0	0	0	0	0	0	0	0	0	0	0	0	0	0	0	0	0	0	0	0	0	0	0	0	0	0	0	0	1	0	0	0	0	0	0	0	1	0	1	0	0	0	0	0	0	0	0	0	0	0	0	0	0	0	0	0	0	0	0	0	0	0	0	0	0	0	0	0	0	0
PBANKA_114480|PbGEM-303314|PbGEM-646944	CGTACTGTGAG	0	0	0	0	1	0	0	0	0	0	0	0	0	0	0	0	0	0	0	0	0	0	0	0	0	0	0	0	0	0	0	0	0	0	0	0	0	0	0	0	0	0	0	0	0	0	0	0	0	0	0	0	0	0	0	0	0	0	0	0	0	0	0	0	0	0	0	0	0	0	0	0	0	0	0	0
PBANKA_114550|PbGEM-336035	ATCGAAGGACC	0	0	0	0	0	0	0	0	0	0	0	0	0	0	0	0	0	0	0	0	0	0	0	0	0	0	0	0	0	0	0	0	0	0	0	0	0	0	0	0	0	0	0	0	0	0	0	0	0	0	0	0	0	0	0	1	0	0	0	0	0	0	0	0	0	0	0	0	0	0	0	0	0	0	0	0
PBANKA_124020|PbGEM-308849	CGGTCGAGGTA	0	0	0	0	0	0	0	0	0	0	0	0	0	0	0	0	0	0	0	0	0	0	0	0	0	0	0	0	0	0	0	0	0	0	0	0	0	0	0	0	0	0	0	0	0	0	0	0	0	0	0	0	0	0	0	0	0	0	0	0	0	0	0	0	1	0	0	0	0	0	0	0	0	0	0	0
PBANKA_050200|PbGEM-273690	CCCACCCCGAG	0	0	0	0	0	0	0	0	0	0	0	0	0	0	0	0	0	0	0	0	0	0	0	0	0	0	0	0	0	0	0	0	0	0	0	0	0	0	0	0	0	0	0	0	0	0	0	0	0	0	0	0	0	0	0	0	0	0	0	0	0	0	0	0	0	0	0	1	0	0	0	0	0	0	0	0
PBANKA_100260|PbGEM-292800	GCAGTGCTATT	0	0	0	0	0	0	0	0	0	0	0	0	0	0	0	0	0	0	0	0	0	0	0	0	0	0	0	0	0	1	1	0	0	29	28	0	0	0	0	0	0	0	0	0	0	1	0	0	0	0	0	0	0	0	0	0	0	0	0	0	0	0	0	0	0	0	0	0	0	0	0	0	0	0	0	0
PBANKA_010330|PbGEM-533123	GCATGAAGGGC	0	1	0	0	0	0	0	0	0	0	0	0	0	0	0	0	0	0	0	0	0	0	0	0	0	0	0	0	0	0	0	0	0	0	0	0	0	0	0	0	0	0	0	0	0	0	0	0	0	0	0	0	0	0	0	0	0	0	0	0	0	0	0	0	0	0	0	0	0	0	0	0	0	0	0	0
PBANKA_040710|PbGEM-533603	GGCAATAGTCT	0	0	0	0	0	0	0	0	0	0	0	0	0	0	0	0	0	0	0	0	0	0	0	0	0	0	0	0	0	0	0	0	0	0	0	0	0	0	0	0	0	0	0	0	0	0	0	0	0	0	0	0	0	0	0	0	0	0	0	0	0	0	1	0	0	0	0	0	0	0	0	0	0	0	0	0
PBANKA_122180|PbGEM-536219	AGATCAGGATT	1	0	0	0	0	0	0	0	0	0	1	6	0	0	0	0	1	0	0	0	0	1	2	0	0	3	2	0	0	2	2	0	0	0	0	0	2	1	0	1	1	2	1	0	0	1	0	0	0	1	0	0	0	1	0	0	0	0	2	3	0	3	3	1	0	4	0	0	0	3	0	0	1	0	1	0
PBANKA_071850|PbGEM-282242	CATTAAATGTG	0	0	0	0	0	0	0	0	0	0	0	0	0	0	0	0	0	0	0	0	0	0	0	0	0	0	0	0	0	0	0	0	0	0	0	0	0	0	0	0	0	0	0	0	1	0	0	0	0	0	0	0	0	1	0	0	0	0	0	0	0	0	0	0	0	0	0	0	0	1	0	0	0	0	0	0
PBANKA_136370|PbGEM-226413	ATCGACGGCTT	11324	9846	0	6026	5799	0	0	9614	8815	0	12415	11244	1	10898	10859	1	20362	18317	207	201	0	131	120	0	0	185	174	0	0	225	217	0	0	20051	18549	14080	12503	10656	9838	11451	9811	9308	8426	10287	8914	9483	8314	0	9773	9704	0	0	7741	7069	0	12677	11191	0	234	237	168	152	201	183	157	149	9931	9555	17404	15459	0	17277	15625	0	25593	22079
PBANKA_061670|PbGEM-072498	TCTCGGTTAT	10169	8784	0	7278	6782	0	0	4395	3919	0	6208	5463	1	7601	7391	1	16533	14687	6470	6011	0	6722	5825	0	0	5326	4596	0	0	5241	4592	0	0	16527	15007	15171	13132	6980	6155	10995	9275	9332	8224	11027	9499	4559	3957	0	4352	4239	0	0	4986	4560	0	9710	8441	0	8702	7425	6523	5740	4450	4030	3956	3442	7828	7246	17874	15437	1	13843	12240	1	22661	19471
PBANKA_030500|PbGEM-527075	CGATGATCGAG	0	0	0	0	0	0	0	1	0	0	0	0	0	0	0	0	0	0	0	0	0	0	0	0	0	0	0	0	0	0	0	0	0	0	0	0	0	0	0	0	0	0	0	0	0	0	0	0	0	0	0	0	0	0	0	0	0	0	0	0	0	0	0	0	0	0	0	0	0	0	0	0	0	0	0	0
PBANKA_011050|PbGEM-341571|PbGEM-585012	GAGTAGGCACG	0	0	0	0	0	0	0	0	0	0	0	0	0	0	0	0	0	0	0	0	0	0	0	0	0	0	0	0	0	0	0	0	0	0	0	0	0	0	0	0	0	0	0	0	0	0	0	0	0	0	0	0	0	0	0	0	0	0	0	0	0	0	0	0	0	0	0	0	0	0	0	0	1	0	0	0
PBANKA_050290|PbGEM-273834	TTCTAAAGCTT	0	0	0	0	0	0	0	0	0	0	0	0	0	0	0	0	0	0	0	0	0	0	0	0	0	0	0	0	0	0	0	0	0	0	0	0	0	0	0	0	0	0	0	0	0	0	0	0	0	0	0	0	0	0	0	0	0	0	0	0	0	0	0	0	0	0	0	0	0	0	0	0	1	0	0	0
PBANKA_052440|PbGEM-276730	GTAGACGAGCT	0	0	0	0	0	0	0	0	0	0	0	0	0	0	0	0	0	0	0	0	0	0	0	0	0	0	0	0	0	0	0	0	0	0	0	0	0	0	0	0	0	0	0	0	0	0	0	0	0	1	0	0	0	0	0	0	0	0	0	0	0	0	0	0	0	0	0	0	0	0	0	0	0	0	0	0
PBANKA_132390|PbGEM-313157	TACCGGTTACC	0	0	0	0	0	0	0	0	0	0	0	0	0	0	0	0	0	0	0	0	0	0	0	0	0	0	0	0	0	0	0	0	0	0	0	0	0	0	0	0	0	0	0	0	0	0	0	0	0	0	0	0	0	0	0	0	0	0	0	0	0	0	0	0	0	0	0	0	0	0	0	0	0	0	0	1
PBANKA_052220|PbGEM-276482	CGCTCTACTAT	0	0	0	0	0	0	0	0	1	0	0	0	0	0	0	0	0	0	0	0	0	0	0	0	0	0	0	0	0	0	0	0	0	0	0	0	0	0	0	0	0	0	0	0	0	0	0	0	0	0	0	0	0	0	0	0	0	0	0	0	0	0	0	0	0	0	0	0	0	0	0	0	0	0	0	0
PBANKA_010170|PbGEM-649005	GTCGCGGTTCC	0	0	0	0	0	0	0	0	0	0	0	0	0	0	0	0	0	0	0	0	0	0	0	0	0	0	0	0	0	0	0	0	0	0	1	0	0	0	0	0	0	0	0	0	0	0	0	0	0	0	0	0	0	0	0	0	0	0	0	0	0	0	0	0	0	0	0	0	0	0	0	0	0	0	0	0
PBANKA_111070|PbGEM-654205	GCTAGAAGGAG	0	0	0	0	0	0	0	0	0	0	0	0	0	0	1	0	0	0	0	0	0	0	0	0	0	0	0	0	0	0	0	0	0	0	0	0	0	0	0	0	0	0	0	0	0	0	0	0	0	0	0	0	0	0	0	0	0	0	0	0	0	0	0	0	0	0	0	0	0	0	0	0	0	0	0	0
PBANKA_060370|PbGEM-662051	ATCCGGGTAGT	0	0	0	0	0	0	0	0	0	0	0	0	0	0	0	0	0	0	0	0	0	0	0	0	0	0	0	0	0	0	0	0	0	0	0	0	0	0	0	0	0	0	0	1	0	0	0	0	0	0	0	0	0	0	0	0	0	0	0	0	0	0	0	0	0	0	0	0	0	0	0	0	0	0	0	0
PBANKA_050070|PbGEM-533707	CTGGCGATCTG	0	0	0	0	0	0	0	0	1	0	0	1	0	0	0	0	0	0	0	0	0	0	0	0	0	0	0	0	0	0	0	0	0	0	0	0	0	0	0	0	0	0	0	0	0	0	0	0	0	0	0	0	0	1	0	0	0	0	0	0	0	0	0	0	0	0	0	0	0	0	0	0	0	0	0	0
PBANKA_000320|PbGEM-533091	CCTTCGGCGAT	0	0	0	0	0	0	0	0	0	0	0	0	0	0	0	0	0	0	0	0	0	0	0	0	0	0	0	0	0	0	0	0	0	0	0	0	0	0	0	0	0	0	0	0	0	0	0	0	0	0	0	0	0	0	0	0	0	0	0	0	0	0	0	0	0	0	0	0	0	0	0	0	0	0	0	1
PBANKA_140180|PbGEM-537059	GGATGGCAATC	0	0	0	0	0	0	0	0	0	0	0	0	0	0	0	0	0	0	0	0	0	0	0	0	0	0	0	0	0	0	0	0	0	0	0	0	0	0	0	0	0	0	0	0	0	0	0	0	0	0	0	0	0	0	0	0	0	0	0	0	0	0	0	0	0	1	0	0	0	0	0	0	0	0	0	0
PBANKA_121460|PbGEM-588612	ACCCCCGATTG	0	0	0	0	0	0	0	0	0	0	0	0	0	0	0	0	0	0	0	0	0	0	1	0	0	0	0	0	0	0	0	0	0	0	0	0	0	0	0	0	0	0	0	0	0	0	0	0	0	0	0	0	0	0	0	0	0	0	0	0	0	0	0	0	0	0	0	0	0	0	0	0	0	0	0	0
